{
  "entry|entry|1.0.0|src/main/ets/entryability/EntryAbility.ts": {
    "version": 3,
    "file": "EntryAbility.ets",
    "sourceRoot": "",
    "sources": [
      "entry/src/main/ets/entryability/EntryAbility.ets"
    ],
    "names": [],
    "mappings": ";;;;;;AAIA,MAAM,MAAM,GAAG,MAAM,CAAC;AAEtB,MAAM,CAAC,OAAO,OAAO,YAAa,SAAQ,SAAS;IACjD,QAAQ,CAAC,IAAI,EAAE,IAAI,EAAE,WAAW,EAAE,eAAe,CAAC,WAAW,GAAG,IAAI;QAClE,IAAI,CAAC,OAAO,CAAC,qBAAqB,EAAE,CAAC,YAAY,CAAC,qBAAqB,CAAC,SAAS,CAAC,kBAAkB,CAAC,CAAC;QACtG,KAAK,CAAC,IAAI,CAAC,MAAM,EAAE,SAAS,EAAE,YAAY,EAAE,kBAAkB,CAAC,CAAC;IAClE,CAAC;IAED,SAAS,IAAI,IAAI;QACf,KAAK,CAAC,IAAI,CAAC,MAAM,EAAE,SAAS,EAAE,YAAY,EAAE,mBAAmB,CAAC,CAAC;IACnE,CAAC;IAED,mBAAmB,CAAC,WAAW,EAAE,MAAM,CAAC,WAAW,GAAG,IAAI;QACxD,yDAAyD;QACzD,KAAK,CAAC,IAAI,CAAC,MAAM,EAAE,SAAS,EAAE,YAAY,EAAE,6BAA6B,CAAC,CAAC;QAE3E,WAAW,CAAC,WAAW,CAAC,aAAa,EAAE,CAAC,GAAG,EAAE,EAAE;YAC7C,IAAI,GAAG,CAAC,IAAI,EAAE;gBACZ,KAAK,CAAC,KAAK,CAAC,MAAM,EAAE,SAAS,EAAE,+CAA+C,EAAE,IAAI,CAAC,SAAS,CAAC,GAAG,CAAC,CAAC,CAAC;gBACrG,OAAO;aACR;YACD,KAAK,CAAC,IAAI,CAAC,MAAM,EAAE,SAAS,EAAE,mCAAmC,CAAC,CAAC;QACrE,CAAC,CAAC,CAAC;IACL,CAAC;IAED,oBAAoB,IAAI,IAAI;QAC1B,yDAAyD;QACzD,KAAK,CAAC,IAAI,CAAC,MAAM,EAAE,SAAS,EAAE,YAAY,EAAE,8BAA8B,CAAC,CAAC;IAC9E,CAAC;IAED,YAAY,IAAI,IAAI;QAClB,oCAAoC;QACpC,KAAK,CAAC,IAAI,CAAC,MAAM,EAAE,SAAS,EAAE,YAAY,EAAE,sBAAsB,CAAC,CAAC;IACtE,CAAC;IAED,YAAY,IAAI,IAAI;QAClB,iCAAiC;QACjC,KAAK,CAAC,IAAI,CAAC,MAAM,EAAE,SAAS,EAAE,YAAY,EAAE,sBAAsB,CAAC,CAAC;IACtE,CAAC;CACF",
    "entry-package-info": "entry|1.0.0"
  },
  "entry|entry|1.0.0|src/main/ets/entrybackupability/EntryBackupAbility.ts": {
    "version": 3,
    "file": "EntryBackupAbility.ets",
    "sourceRoot": "",
    "sources": [
      "entry/src/main/ets/entrybackupability/EntryBackupAbility.ets"
    ],
    "names": [],
    "mappings": ";;;AAGA,MAAM,MAAM,GAAG,MAAM,CAAC;AAEtB,MAAM,CAAC,OAAO,OAAO,kBAAmB,SAAQ,sBAAsB;IACpE,KAAK,CAAC,QAAQ;QACZ,KAAK,CAAC,IAAI,CAAC,MAAM,EAAE,SAAS,EAAE,aAAa,CAAC,CAAC;QAC7C,MAAM,OAAO,CAAC,OAAO,EAAE,CAAC;IAC1B,CAAC;IAED,KAAK,CAAC,SAAS,CAAC,aAAa,EAAE,aAAa;QAC1C,KAAK,CAAC,IAAI,CAAC,MAAM,EAAE,SAAS,EAAE,yBAAyB,EAAE,IAAI,CAAC,SAAS,CAAC,aAAa,CAAC,CAAC,CAAC;QACxF,MAAM,OAAO,CAAC,OAAO,EAAE,CAAC;IAC1B,CAAC;CACF",
    "entry-package-info": "entry|1.0.0"
  },
  "entry|entry|1.0.0|src/main/ets/pages/Index.ts": {
    "version": 3,
    "file": "Index.ets",
    "sourceRoot": "",
    "sources": [
      "entry/src/main/ets/pages/Index.ets"
    ],
    "names": [],
    "mappings": ";;;;IAOS,OAAO,GAAE,MAAM;IACf,IAAI,GAAE,MAAM;;;;MAFd,KAAK;IAFZ;;;;;sDAG2B,UAAU;mDACb,EAAE;;;KANU;;;;;;;;;;;;;;;;;;;;;IAKlC,4CAAgB,MAAM,EAAc;QAA7B,OAAO;;;QAAP,OAAO,WAAE,MAAM;;;IACtB,yCAAa,MAAM,EAAM;QAAlB,IAAI;;;QAAJ,IAAI,WAAE,MAAM;;;IAEnB;;YACE,MAAM;;YAAN,MAAM,CAgCL,KAAK,CAAC,MAAM;YAhCb,MAAM,CAiCL,MAAM,CAAC,MAAM;YAjCd,MAAM,CAkCL,cAAc,CAAC,SAAS,CAAC,MAAM;YAlChC,MAAM,CAmCL,eAAe,CAAC,SAAS;YAnC1B,MAAM,CAoCL,OAAO,CAAC,EAAE;;;YAnCT,IAAI,QAAC,IAAI,CAAC,OAAO;;YAAjB,IAAI,CACD,QAAQ,CAAC,EAAE;YADd,IAAI,CAED,UAAU,CAAC,UAAU,CAAC,IAAI;YAF7B,IAAI,CAGD,SAAS,CAAC,KAAK,CAAC,KAAK;YAHxB,IAAI,CAID,MAAM,CAAC,EAAE,MAAM,EAAE,EAAE,EAAE;YAJxB,IAAI,CAKD,UAAU,CAAC,EAAE,MAAM,EAAE,CAAC,EAAE,KAAK,EAAE,KAAK,CAAC,IAAI,EAAE,OAAO,EAAE,CAAC,EAAE,OAAO,EAAE,CAAC,EAAE;;QALtE,IAAI;;YAOJ,SAAS,QAAC,EAAE,WAAW,EAAE,qBAAqB,EAAE;;YAAhD,SAAS,CACN,gBAAgB,CAAC,KAAK,CAAC,IAAI;YAD9B,SAAS,CAEN,eAAe,CAAC,EAAE,IAAI,EAAE,EAAE,EAAE;YAF/B,SAAS,CAGN,MAAM,CAAC,EAAE;YAHZ,SAAS,CAIN,KAAK,CAAC,KAAK;YAJd,SAAS,CAKN,OAAO,CAAC,EAAE;YALb,SAAS,CAMN,MAAM,CAAC,EAAE,MAAM,EAAE,EAAE,EAAE;YANxB,SAAS,CAON,YAAY,CAAC,CAAC;YAPjB,SAAS,CAQN,eAAe,CAAC,KAAK,CAAC,KAAK;YAR9B,SAAS,CASN,QAAQ,CAAC,CAAC,IAAI,EAAE,EAAE;gBACjB,IAAI,CAAC,IAAI,GAAG,IAAI,CAAC;YACnB,CAAC;;;YAEH,MAAM,iBAAC,YAAY,EAAE,EAAE,IAAI,EAAE,UAAU,CAAC,OAAO,EAAE,WAAW,EAAE,IAAI,EAAE;;oBASjE,SAAS,CAAC,EAAE,KAAK,EAAE,aAAa,EAAE,QAAQ,EAAE,GAAG,EAAE;YATpD,MAAM,CACH,KAAK,CAAC,KAAK;YADd,MAAM,CAEH,MAAM,CAAC,EAAE;YAFZ,MAAM,CAGH,eAAe,CAAC,SAAS;YAH5B,MAAM,CAIH,MAAM,CAAC,EAAE,GAAG,EAAE,EAAE,EAAE;YAJrB,MAAM,CAKH,OAAO,CAAC,GAAG;YALd,MAAM,CAMH,OAAO,CAAC,GAAG,EAAE;gBACZ,IAAI,CAAC,KAAK,EAAE,CAAC;YACf,CAAC;oBACA,SAAS;;QATZ,MAAM;QArBR,MAAM;KAqCP;IACD,mBAAmB,CAAC,MAAM,EAAE,eAAe,CAAC,MAAM,EAAE,SAAS,EAAE,eAAe,CAAC,QAAQ;QACrF,IAAI,MAAM,GAAG,eAAe,CAAC,YAAY,CAAC,eAAe,CAAC,CAAC;QAC3D,MAAM,CAAC,QAAQ,CAAC,eAAe,CAAC,UAAU,CAAC,YAAY,EAAE,MAAM,EAAE,IAAI,CAAC,CAAC;QACvE,IAAI,iBAAiB,GAAG,EAAE,CAAC;QAC3B,IAAI,UAAU,GAAG,IAAI,UAAU,EAAE,CAAC;QAClC,KAAK,IAAI,CAAC,GAAG,CAAC,EAAE,CAAC,GAAG,SAAS,CAAC,IAAI,CAAC,MAAM,EAAE,CAAC,IAAI,iBAAiB,EAAG;YAClE,IAAI,aAAa,GAAG,SAAS,CAAC,IAAI,CAAC,QAAQ,CAAC,CAAC,EAAE,CAAC,GAAG,iBAAiB,CAAE,CAAC;YACvE,IAAI,iBAAiB,EAAE,eAAe,CAAC,QAAQ,GAAG,EAAE,IAAI,EAAE,aAAa,EAAE,CAAC;YAC1E,8DAA8D;YAC9D,IAAI,YAAY,GAAG,MAAM,CAAC,WAAW,CAAC,iBAAiB,CAAC,CAAC;YACzD,IAAI,SAAS,GAAG,IAAI,UAAU,CAAC,UAAU,CAAC,MAAM,GAAG,YAAY,CAAC,IAAI,CAAC,MAAM,CAAC,CAAC;YAC7E,SAAS,CAAC,GAAG,CAAC,UAAU,CAAC,CAAC;YAC1B,SAAS,CAAC,GAAG,CAAC,YAAY,CAAC,IAAI,EAAE,UAAU,CAAC,MAAM,CAAC,CAAC;YACpD,UAAU,GAAG,SAAS,CAAC;SACxB;QACD,IAAI,UAAU,EAAE,eAAe,CAAC,QAAQ,GAAG,EAAE,IAAI,EAAE,UAAU,EAAE,CAAC;QAChE,OAAO,UAAU,CAAC;IACpB,CAAC;IACD,mBAAmB,CAAC,MAAM,EAAE,eAAe,CAAC,MAAM,EAAE,UAAU,EAAE,eAAe,CAAC,QAAQ;QACtF,IAAI,OAAO,GAAG,eAAe,CAAC,YAAY,CAAC,eAAe,CAAC,CAAC;QAC5D,OAAO,CAAC,QAAQ,CAAC,eAAe,CAAC,UAAU,CAAC,YAAY,EAAE,MAAM,EAAE,IAAI,CAAC,CAAC;QACxE,IAAI,kBAAkB,GAAG,GAAG,CAAC,CAAC,iCAAiC;QAC/D,IAAI,WAAW,GAAG,IAAI,UAAU,EAAE,CAAC;QACnC,KAAK,IAAI,CAAC,GAAG,CAAC,EAAE,CAAC,GAAG,UAAU,CAAC,IAAI,CAAC,MAAM,EAAE,CAAC,IAAI,kBAAkB,EAAE;YACnE,IAAI,aAAa,GAAG,UAAU,CAAC,IAAI,CAAC,QAAQ,CAAC,CAAC,EAAE,CAAC,GAAG,kBAAkB,CAAC,CAAC;YACxE,IAAI,iBAAiB,EAAE,eAAe,CAAC,QAAQ,GAAG,EAAE,IAAI,EAAE,aAAa,EAAE,CAAC;YAC1E,6BAA6B;YAC7B,IAAI,YAAY,GAAG,OAAO,CAAC,WAAW,CAAC,iBAAiB,CAAC,CAAC;YAC1D,IAAI,SAAS,GAAG,IAAI,UAAU,CAAC,WAAW,CAAC,MAAM,GAAG,YAAY,CAAC,IAAI,CAAC,MAAM,CAAC,CAAC;YAC9E,SAAS,CAAC,GAAG,CAAC,WAAW,CAAC,CAAC;YAC3B,SAAS,CAAC,GAAG,CAAC,YAAY,CAAC,IAAI,EAAE,WAAW,CAAC,MAAM,CAAC,CAAC;YACrD,WAAW,GAAG,SAAS,CAAC;SACzB;QACD,IAAI,WAAW,EAAE,eAAe,CAAC,QAAQ,GAAG,EAAE,IAAI,EAAE,WAAW,EAAE,CAAC;QAClE,OAAO,WAAW,CAAC;IACrB,CAAC;IACD,KAAK;QACH,OAAO,CAAC,GAAG,CAAC,IAAI,CAAC,IAAI,CAAC,CAAC;QACvB,IAAI,YAAY,GAAG,eAAe,CAAC,qBAAqB,CAAC,SAAS,CAAC,CAAC;QACpE,IAAI,OAAO,GAAG,YAAY,CAAC,mBAAmB,EAAE,CAAC;QACjD,IAAI,SAAS,EAAE,eAAe,CAAC,QAAQ,GAAG,EAAE,IAAI,EAAE,IAAI,UAAU,CAAC,MAAM,CAAC,IAAI,CAAC,IAAI,CAAC,IAAI,EAAE,OAAO,CAAC,CAAC,MAAM,CAAC,EAAE,CAAC;QAC3G,IAAI,WAAW,GAAG,IAAI,CAAC,mBAAmB,CAAC,OAAO,CAAC,MAAM,EAAE,SAAS,CAAC,CAAC;QACtE,IAAI,WAAW,GAAG,IAAI,CAAC,mBAAmB,CAAC,OAAO,CAAC,MAAM,EAAE,WAAW,CAAC,CAAC;QACxE,IAAI,SAAS,CAAC,IAAI,CAAC,QAAQ,EAAE,KAAK,WAAW,CAAC,IAAI,CAAC,QAAQ,EAAE,EAAE;YAC7D,OAAO,CAAC,IAAI,CAAC,YAAY,CAAC,CAAC;YAC3B,OAAO,CAAC,IAAI,CAAC,qBAAqB,GAAG,MAAM,CAAC,IAAI,CAAC,WAAW,CAAC,IAAI,CAAC,CAAC,QAAQ,CAAC,OAAO,CAAC,CAAC,CAAC;SACvF;aAAM;YACL,OAAO,CAAC,KAAK,CAAC,gBAAgB,CAAC,CAAC;SACjC;IACH,CAAC",
    "entry-package-info": "entry|1.0.0"
  }
}