{"deviceType":"phone","buildMode":"debug","note":"false","logLevel":"3","isPreview":"true","checkEntry":"true","port":"29919","localPropertiesPath":"D:\\Desktop\\Ea5y_rsa\\local.properties","Path":"C:\\Program Files\\Huawei\\DevEco Studio\\tools\\node\\","aceProfilePath":"D:\\Desktop\\Ea5y_rsa\\entry\\.preview\\default\\intermediates\\res\\default\\resources\\base\\profile","hapMode":"false","img2bin":"true","projectProfilePath":"D:\\Desktop\\Ea5y_rsa\\build-profile.json5","watchMode":"true","appResource":"D:\\Desktop\\Ea5y_rsa\\entry\\.preview\\default\\intermediates\\res\\default\\ResourceTable.txt","aceBuildJson":"D:\\Desktop\\Ea5y_rsa\\entry\\.preview\\default\\intermediates\\loader\\default\\loader.json","aceModuleRoot":"D:\\Desktop\\Ea5y_rsa\\entry\\src\\main\\ets","aceSoPath":"D:\\Desktop\\Ea5y_rsa\\entry\\.preview\\cache\\nativeDependencies.txt","cachePath":"D:\\Desktop\\Ea5y_rsa\\entry\\.preview\\cache\\.default","aceModuleBuild":"D:\\Desktop\\Ea5y_rsa\\entry\\.preview\\default\\intermediates\\assets\\default\\ets","aceModuleJsonPath":"D:\\Desktop\\Ea5y_rsa\\entry\\.preview\\default\\intermediates\\res\\default\\module.json","stageRouterConfig":{"paths":["D:\\Desktop\\Ea5y_rsa\\entry\\.preview\\default\\intermediates\\res\\default\\module.json","D:\\Desktop\\Ea5y_rsa\\entry\\.preview\\default\\intermediates\\res\\default\\resources\\base\\profile\\main_pages.json"],"contents":["{\"module\":{\"pages\":\"$profile:main_pages\",\"name\":\"entry\"}}","{\"src\":[\"pages/Index\"]}"]}}